"DESCRIPTION","DURATION IN MS","NAME","PARENT SUITE","START TIME","STATUS","STOP TIME","SUB SUITE","SUITE","TEST CLASS","TEST METHOD"
"","8084","UI-02: Filter pills (Workspace, Workflow, Status, Budget) are visible","Project-Management","Tue Sep 08 06:44:51 UTC 2026","passed","Tue Sep 08 06:44:59 UTC 2026","Project Management: UI List Page @project @smoke","project/project-ui-list.spec.ts","",""
"","4419","API-15: completion_method=task_completion accepted, percent stays 0 without tasks","Project-Management","Tue Sep 08 06:43:59 UTC 2026","passed","Tue Sep 08 06:44:04 UTC 2026","Project Management: API Contract @project @smoke","project/project-api-contract.spec.ts","",""
"","3493","Guardrail: System must reject bills with zero or negative quantities","Purchase","Tue Sep 08 06:39:38 UTC 2026","passed","Tue Sep 08 06:39:41 UTC 2026","Procurement Integrity & Financial Guardrails @purchase @regression","purchase/po-integrity.spec.ts","",""
"","10355","SO-API-05: Zero-qty line → $0 amount or rejected","Cross-Module","Tue Sep 08 06:52:29 UTC 2026","passed","Tue Sep 08 06:52:39 UTC 2026","Line Item & Miscellaneous Audit @sales @purchase @regression","cross-module/line-item-miscellaneous-audit.spec.ts","",""
"","65679","INV-UI-01: Add inventory Line Item via modal → Invoice created and approved","Cross-Module","Tue Sep 08 06:52:49 UTC 2026","failed","Tue Sep 08 06:53:54 UTC 2026","Line Item & Miscellaneous Audit @sales @purchase @regression","cross-module/line-item-miscellaneous-audit.spec.ts","",""
"","4328","Account & General Ledger API response matches strict schema contract","Cross-Module","Tue Sep 08 06:45:33 UTC 2026","passed","Tue Sep 08 06:45:37 UTC 2026","API Contract & Runtime Schema Validation @smoke","cross-module/api-contract-schema.spec.ts","",""
"","95766","UI-09: Clicking project row navigates to detail view","Project-Management","Tue Sep 08 06:45:07 UTC 2026","failed","Tue Sep 08 06:46:42 UTC 2026","Project Management: UI List Page @project @smoke","project/project-ui-list.spec.ts","",""
"","26480","PO-UI-02: Add Miscellaneous Line Item via modal → PO total reflects it","Cross-Module","Tue Sep 08 06:49:56 UTC 2026","passed","Tue Sep 08 06:50:22 UTC 2026","Line Item & Miscellaneous Audit @sales @purchase @regression","cross-module/line-item-miscellaneous-audit.spec.ts","",""
"","19715","SO-API-04: Multi-line SO → grand total = sum of lines","Cross-Module","Tue Sep 08 06:51:30 UTC 2026","passed","Tue Sep 08 06:51:49 UTC 2026","Line Item & Miscellaneous Audit @sales @purchase @regression","cross-module/line-item-miscellaneous-audit.spec.ts","",""
"","19033","Guardrail: Duplicate timesheet for same employee+date must be rejected","HR","Tue Sep 08 06:42:41 UTC 2026","passed","Tue Sep 08 06:43:00 UTC 2026","HR: Timesheets & Attendances @hr @smoke","hr/hr-attendance.spec.ts","",""
"","12369","TC-01: Source stock must decrease by exact transfer quantity","Inventory","Tue Sep 08 06:42:05 UTC 2026","passed","Tue Sep 08 06:42:17 UTC 2026","Location Transfer (Move Order) Audits @inventory @regression","inventory/inv-logic.spec.ts","",""
"","8059","PO-to-Bill: Empty State Boundary (No Items Guardrail)","Cross-Module","Tue Sep 08 06:54:31 UTC 2026","passed","Tue Sep 08 06:54:39 UTC 2026","Query Boundary States: PO-to-Bill & SO-to-Invoice Forms @purchase @sales @regression","cross-module/query-boundary-states.spec.ts","",""
"","3450","API-16: expense > revenue yields negative remaining_balance (no server guard)","Project-Management","Tue Sep 08 06:44:02 UTC 2026","passed","Tue Sep 08 06:44:05 UTC 2026","Project Management: API Contract @project @smoke","project/project-api-contract.spec.ts","",""
"","18544","UI: Timesheets page must load and not show an error state","HR","Tue Sep 08 06:42:42 UTC 2026","passed","Tue Sep 08 06:43:00 UTC 2026","HR: Timesheets & Attendances @hr @smoke","hr/hr-attendance.spec.ts","",""
"","227","Tampered JWT must return 401 on all protected endpoints","Cross-Module","Tue Sep 08 06:54:59 UTC 2026","passed","Tue Sep 08 06:54:59 UTC 2026","RBAC & User Management Security Audit @regression","cross-module/rbac-user-security.spec.ts","",""
"","3592","BDEV-1138: Verify Pagination on Payables Detail Pages (Bills per Vendor)","Cross-Module","Tue Sep 08 06:46:04 UTC 2026","passed","Tue Sep 08 06:46:07 UTC 2026","Data Loading & Pagination Audit Suite (BDEV-1135) @smoke","cross-module/data-loading-pagination.spec.ts","",""
"","140","TC-04: Move order with quantity=0 must be rejected","Inventory","Tue Sep 08 06:42:36 UTC 2026","passed","Tue Sep 08 06:42:36 UTC 2026","Location Transfer (Move Order) Audits @inventory @regression","inventory/inv-logic.spec.ts","",""
"","3391","BDEV-1136: Verify Pagination on COA Detail / Accounts List","Cross-Module","Tue Sep 08 06:46:00 UTC 2026","passed","Tue Sep 08 06:46:04 UTC 2026","Data Loading & Pagination Audit Suite (BDEV-1135) @smoke","cross-module/data-loading-pagination.spec.ts","",""
"","22860","Verify Frontend TypeError when general-journals entries are empty []","Cross-Module","Tue Sep 08 06:45:37 UTC 2026","passed","Tue Sep 08 06:46:00 UTC 2026","BDEV-1147: GL Module DTO & Schema - Empty Entries TypeError Audit @gl @bdev-1147 @frontend @regression","cross-module/bdev-1147-gl-journal-empty-entries.spec.ts","",""
"","3991","API-10: PATCH estimated_expense recalculates remaining_balance","Project-Management","Tue Sep 08 06:43:51 UTC 2026","passed","Tue Sep 08 06:43:55 UTC 2026","Project Management: API Contract @project @smoke","project/project-api-contract.spec.ts","",""
"","41277","Guardrail: Price variance between PO and Bill must be blocked or rejected","Purchase","Tue Sep 08 06:40:29 UTC 2026","failed","Tue Sep 08 06:41:10 UTC 2026","Procurement: Three-Way Match Audit @purchase @regression","purchase/po-three-way-match.spec.ts","",""
"","3907","Guardrail: Deactivated item must be rejected for new stock adjustments","Inventory","Tue Sep 08 06:41:56 UTC 2026","passed","Tue Sep 08 06:42:00 UTC 2026","Inventory Item Lifecycle Audits @inventory @smoke","inventory/inv-lifecycle.spec.ts","",""
"","4418","API-12: Status pending → in-progress is accepted","Project-Management","Tue Sep 08 06:43:55 UTC 2026","passed","Tue Sep 08 06:43:59 UTC 2026","Project Management: API Contract @project @smoke","project/project-api-contract.spec.ts","",""
"","71987","API: Vendor outstanding balance increases after bill approval","Purchase","Tue Sep 08 06:40:42 UTC 2026","failed","Tue Sep 08 06:41:54 UTC 2026","Purchase: Procurement Accounting Logic @purchase @smoke","purchase/procurement-accounting-logic.spec.ts","",""
"","17191","API: Timesheet must be created and advanced through approval","HR","Tue Sep 08 06:42:40 UTC 2026","passed","Tue Sep 08 06:42:57 UTC 2026","HR: Timesheets & Attendances @hr @smoke","hr/hr-attendance.spec.ts","",""
"","7718","UI-10: Add Project button navigates to /projects/new","Project-Management","Tue Sep 08 06:44:43 UTC 2026","passed","Tue Sep 08 06:44:51 UTC 2026","Project Management: UI Form @project @smoke","project/project-ui-form.spec.ts","",""
"","272","API: Payroll run must be created with correct initial draft status","HR","Tue Sep 08 06:43:27 UTC 2026","passed","Tue Sep 08 06:43:27 UTC 2026","Payroll: Runs & Pay Components @hr @smoke","hr/hr-payroll.spec.ts","",""
"","3484","PO-to-Bill: Error State Boundary (Invalid PO ID)","Cross-Module","Tue Sep 08 06:54:28 UTC 2026","passed","Tue Sep 08 06:54:31 UTC 2026","Query Boundary States: PO-to-Bill & SO-to-Invoice Forms @purchase @sales @regression","cross-module/query-boundary-states.spec.ts","",""
"","77905","UI Audit: Approved invoice reflects outstanding balance in customer profile","Sales","Tue Sep 08 06:34:40 UTC 2026","passed","Tue Sep 08 06:35:58 UTC 2026","Sales Customer Balance UI Audits @sales @smoke","sales/customer-balance-ui.spec.ts","",""
"","4386","GUARD-06: Non-existent customer_id UUID → 4xx","Project-Management","Tue Sep 08 06:44:19 UTC 2026","passed","Tue Sep 08 06:44:24 UTC 2026","Project Management: API Validation @project @smoke","project/project-api-validation.spec.ts","",""
"","39234","Audit: Credit note (void) must reverse AR debit from original invoice","Sales","Tue Sep 08 06:37:02 UTC 2026","passed","Tue Sep 08 06:37:42 UTC 2026","Sales GL & Ledger Audits @sales @regression","sales/so-gl-audit.spec.ts","",""
"","9250","UI-06: Search input is present and accepts text","Project-Management","Tue Sep 08 06:45:01 UTC 2026","passed","Tue Sep 08 06:45:10 UTC 2026","Project Management: UI List Page @project @smoke","project/project-ui-list.spec.ts","",""
"","21816","SO-UI-02: Add Miscellaneous Line Item via modal → SO created and approved","Cross-Module","Tue Sep 08 06:49:36 UTC 2026","passed","Tue Sep 08 06:49:58 UTC 2026","Line Item & Miscellaneous Audit @sales @purchase @regression","cross-module/line-item-miscellaneous-audit.spec.ts","",""
"","3725","DTO Schema Verification: GET /bill/{id} returns valid DTO structure","Purchase","Tue Sep 08 06:37:49 UTC 2026","passed","Tue Sep 08 06:37:53 UTC 2026","Bill Detail DTO Contract & Schema Audit @purchase @regression","purchase/bill-dto-contract.spec.ts","",""
"","58674","Audit: Bill reversal must post mirror journal entries (clear AP)","Purchase","Tue Sep 08 06:38:39 UTC 2026","passed","Tue Sep 08 06:39:38 UTC 2026","Purchase GL & AP Ledger Audits @purchase @regression","purchase/bill-gl-audit.spec.ts","",""
"","12121","UI-GUARD-01: ""Create project"" submit button is disabled on empty form","Project-Management","Tue Sep 08 06:44:48 UTC 2026","passed","Tue Sep 08 06:45:00 UTC 2026","Project Management: UI Form @project @smoke","project/project-ui-form.spec.ts","",""
"","6820","Guardrail: System must reject zero, negative, and fractional receipt amounts","Sales","Tue Sep 08 06:37:15 UTC 2026","passed","Tue Sep 08 06:37:22 UTC 2026","Financial Integrity & Boundary Audits @sales @regression","sales/so-integrity.spec.ts","",""
"","4409","8. Optimize & Validate DTO Detail: Quotes","Cross-Module","Tue Sep 08 06:46:24 UTC 2026","passed","Tue Sep 08 06:46:28 UTC 2026","DTO Detail Page Optimization Suite @regression","cross-module/dto-detail-optimization-suite.spec.ts","",""
"","15181","UI-12: Project detail page shows financial data (budget / revenue / balance)","Project-Management","Tue Sep 08 06:44:31 UTC 2026","failed","Tue Sep 08 06:44:46 UTC 2026","Project Management: UI Detail & Guardrails @project @smoke","project/project-ui-detail.spec.ts","",""
"","3691","BDEV-1137: Verify Pagination on Receivables Detail Page (Invoices per Customer)","Cross-Module","Tue Sep 08 06:46:03 UTC 2026","passed","Tue Sep 08 06:46:07 UTC 2026","Data Loading & Pagination Audit Suite (BDEV-1135) @smoke","cross-module/data-loading-pagination.spec.ts","",""
"","17145","GUARD-03: start_date after end_date → 422 with date validation message","Project-Management","Tue Sep 08 06:44:05 UTC 2026","passed","Tue Sep 08 06:44:22 UTC 2026","Project Management: API Validation @project @smoke","project/project-api-validation.spec.ts","",""
"","3867","API-04: LIST projects includes newly created project","Project-Management","Tue Sep 08 06:43:34 UTC 2026","passed","Tue Sep 08 06:43:38 UTC 2026","Project Management: API Contract @project @smoke","project/project-api-contract.spec.ts","",""
"","22295","Audit: Partial PO release correctly tracks remaining unreceived quantity","Purchase","Tue Sep 08 06:39:52 UTC 2026","passed","Tue Sep 08 06:40:15 UTC 2026","Procurement Partial PO Release Audit @purchase @regression","purchase/po-partial-release.spec.ts","",""
"","3711","Guardrail: System must reject zero and negative Bill amounts","Purchase","Tue Sep 08 06:39:21 UTC 2026","passed","Tue Sep 08 06:39:25 UTC 2026","Procurement Integrity & Financial Guardrails @purchase @regression","purchase/po-integrity.spec.ts","",""
"","180","API: Pay structure must be created with valid name","HR","Tue Sep 08 06:43:22 UTC 2026","passed","Tue Sep 08 06:43:22 UTC 2026","Payroll: Runs & Pay Components @hr @smoke","hr/hr-payroll.spec.ts","",""
"","9750","PO-API-04: Multi-line PO → grand total = sum of lines","Cross-Module","Tue Sep 08 06:51:58 UTC 2026","passed","Tue Sep 08 06:52:07 UTC 2026","Line Item & Miscellaneous Audit @sales @purchase @regression","cross-module/line-item-miscellaneous-audit.spec.ts","",""
"","97491","Audit: Partial billing sequence matching exact PO quantity","Purchase","Tue Sep 08 06:40:34 UTC 2026","passed","Tue Sep 08 06:42:12 UTC 2026","Procurement: Three-Way Match Audit @purchase @regression","purchase/po-three-way-match.spec.ts","",""
"","9726","SO-API-06: Negative unit price → rejected or flagged as known bug","Cross-Module","Tue Sep 08 06:52:39 UTC 2026","passed","Tue Sep 08 06:52:49 UTC 2026","Line Item & Miscellaneous Audit @sales @purchase @regression","cross-module/line-item-miscellaneous-audit.spec.ts","",""
"","67845","RCT-UI-01: Receipt UI — create standalone receipt with line item and verify","Cross-Module","Tue Sep 08 06:51:52 UTC 2026","failed","Tue Sep 08 06:53:00 UTC 2026","Line Item & Miscellaneous Audit @sales @purchase @regression","cross-module/line-item-miscellaneous-audit.spec.ts","",""
"","5483","UI-GUARD-03: Status filter pill click opens filter options","Project-Management","Tue Sep 08 06:44:42 UTC 2026","passed","Tue Sep 08 06:44:48 UTC 2026","Project Management: UI Detail & Guardrails @project @smoke","project/project-ui-detail.spec.ts","",""
"","12331","UI: Org Chart page must render the department hierarchy","HR","Tue Sep 08 06:43:10 UTC 2026","passed","Tue Sep 08 06:43:22 UTC 2026","HR: Employee Lifecycle @hr @smoke","hr/hr-employees.spec.ts","",""
"","269","Missing x-company header must return 400 — not leak data","Cross-Module","Tue Sep 08 06:54:58 UTC 2026","passed","Tue Sep 08 06:54:59 UTC 2026","RBAC & User Management Security Audit @regression","cross-module/rbac-user-security.spec.ts","",""
"","13407","3. HR Module: Form Validation Error Visibility (Employees / Leave Requests)","Cross-Module","Tue Sep 08 06:46:44 UTC 2026","passed","Tue Sep 08 06:46:57 UTC 2026","System-Wide Error Visibility Audit @regression","cross-module/error-visibility-audit.spec.ts","",""
"","3816","API-06: LIST filter project_status=pending includes new project","Project-Management","Tue Sep 08 06:43:42 UTC 2026","passed","Tue Sep 08 06:43:46 UTC 2026","Project Management: API Contract @project @smoke","project/project-api-contract.spec.ts","",""
"","31208","API: Approved bill must post a debit to Accounts Payable","Purchase","Tue Sep 08 06:40:36 UTC 2026","passed","Tue Sep 08 06:41:07 UTC 2026","Purchase: Procurement Accounting Logic @purchase @smoke","purchase/procurement-accounting-logic.spec.ts","",""
"","54102","Validate TIN, create customer, edit, remove","Sales","Tue Sep 08 06:34:40 UTC 2026","failed","Tue Sep 08 06:35:34 UTC 2026","Customer Lifecycle — Validation & CRUD @sales @smoke","sales/customer.spec.ts","",""
"","6315","UI: Bills Index page (/payables/bills) must resolve data grid without error states","Purchase","Tue Sep 08 06:39:10 UTC 2026","failed","Tue Sep 08 06:39:17 UTC 2026","Purchase Bill Index Page Data Fetching Audit @purchase @bills @regression","purchase/bill-index-fetching.spec.ts","",""
"","3470","API-05: LIST filter by customer_id returns only matching projects","Project-Management","Tue Sep 08 06:43:38 UTC 2026","passed","Tue Sep 08 06:43:42 UTC 2026","Project Management: API Contract @project @smoke","project/project-api-contract.spec.ts","",""
"","39643","Audit: Concurrent partial payments on multiple bills must maintain strict AP sub-ledger limits","Cross-Module","Tue Sep 08 06:46:45 UTC 2026","passed","Tue Sep 08 06:47:25 UTC 2026","Advanced Financial & Accounting Integrity API Audit @sales @purchase @regression","cross-module/financial-integrity-advanced-api.spec.ts","",""
"","3821","API-08: PATCH project_name persists","Project-Management","Tue Sep 08 06:43:47 UTC 2026","passed","Tue Sep 08 06:43:51 UTC 2026","Project Management: API Contract @project @smoke","project/project-api-contract.spec.ts","",""
"","13595","INV-API-04: Multi-line invoice → grand total = sum of lines","Cross-Module","Tue Sep 08 06:50:49 UTC 2026","passed","Tue Sep 08 06:51:02 UTC 2026","Line Item & Miscellaneous Audit @sales @purchase @regression","cross-module/line-item-miscellaneous-audit.spec.ts","",""
"","88491","UI Audit: Customer profile shows zero balance after full payment","Sales","Tue Sep 08 06:34:40 UTC 2026","passed","Tue Sep 08 06:36:08 UTC 2026","Sales Customer Balance UI Audits @sales @smoke","sales/customer-balance-ui.spec.ts","",""
"","9726","TC-03: Total stock conservation — sum across locations unchanged","Inventory","Tue Sep 08 06:42:13 UTC 2026","passed","Tue Sep 08 06:42:22 UTC 2026","Location Transfer (Move Order) Audits @inventory @regression","inventory/inv-logic.spec.ts","",""
"","6594","Guardrail: System must reject Invoicing for more units than the approved SO","Sales","Tue Sep 08 06:37:04 UTC 2026","passed","Tue Sep 08 06:37:10 UTC 2026","Sales SO Guardrails @sales @regression","sales/so-guardrails.spec.ts","",""
"","6260","UI: Leave Applications page must load and render the leave module","HR","Tue Sep 08 06:43:16 UTC 2026","passed","Tue Sep 08 06:43:22 UTC 2026","HR: Leave Applications @hr @smoke","hr/hr-leave.spec.ts","",""
"","5221","Guardrail: System must reject invoicing for more units than the approved SO","Sales","Tue Sep 08 06:36:07 UTC 2026","passed","Tue Sep 08 06:36:12 UTC 2026","Accounting & Ledger Flow Logic Audits @sales @regression","sales/so-accounting.spec.ts","",""
"","1011","API: Pay component must be created with correct GL account linkage","HR","Tue Sep 08 06:43:23 UTC 2026","passed","Tue Sep 08 06:43:24 UTC 2026","Payroll: Runs & Pay Components @hr @smoke","hr/hr-payroll.spec.ts","",""
"","4888","GUARD-12: remaining_balance is expense-revenue when expense > revenue (no server clamp)","Project-Management","Tue Sep 08 06:44:29 UTC 2026","passed","Tue Sep 08 06:44:34 UTC 2026","Project Management: API Validation @project @smoke","project/project-api-validation.spec.ts","",""
"","27992","Audit: Full cycle GL — AR debited on invoice, cleared on receipt","Sales","Tue Sep 08 06:36:53 UTC 2026","passed","Tue Sep 08 06:37:21 UTC 2026","Sales GL & Ledger Audits @sales @regression","sales/so-gl-audit.spec.ts","",""
"","76517","Create PO via API, approve, create linked bill, verify in vendor profile","Purchase","Tue Sep 08 06:39:17 UTC 2026","passed","Tue Sep 08 06:40:34 UTC 2026","Purchase to Bill Flow @purchase @smoke","purchase/bill-ui.spec.ts","",""
"","9620","UI: Attendances page must load and render the attendance module","HR","Tue Sep 08 06:42:57 UTC 2026","passed","Tue Sep 08 06:43:07 UTC 2026","HR: Timesheets & Attendances @hr @smoke","hr/hr-attendance.spec.ts","",""
"","8627","UI-13: Project detail page shows a status indicator","Project-Management","Tue Sep 08 06:44:32 UTC 2026","passed","Tue Sep 08 06:44:40 UTC 2026","Project Management: UI Detail & Guardrails @project @smoke","project/project-ui-detail.spec.ts","",""
"","4296","2. Bill Detail Page: Tab data fetched on-demand via hooks upon tab activation","Cross-Module","Tue Sep 08 06:46:09 UTC 2026","passed","Tue Sep 08 06:46:13 UTC 2026","Detail Page Tab On-Demand Fetching Suite @cross-module @regression","cross-module/detail-tab-on-demand-fetching.spec.ts","",""
"","4389","API-11: PATCH percent_complete persists","Project-Management","Tue Sep 08 06:43:53 UTC 2026","passed","Tue Sep 08 06:43:58 UTC 2026","Project Management: API Contract @project @smoke","project/project-api-contract.spec.ts","",""
"","7540","UI-11: Add Project form has all required inputs","Project-Management","Tue Sep 08 06:44:46 UTC 2026","passed","Tue Sep 08 06:44:54 UTC 2026","Project Management: UI Form @project @smoke","project/project-ui-form.spec.ts","",""
"","4881","API: Employee roster must be non-empty with valid structure","HR","Tue Sep 08 06:43:00 UTC 2026","passed","Tue Sep 08 06:43:05 UTC 2026","HR: Employee Lifecycle @hr @smoke","hr/hr-employees.spec.ts","",""
"","16079","Audit: Partial payment GL — AP partially cleared, cash reduced exactly","Purchase","Tue Sep 08 06:38:45 UTC 2026","failed","Tue Sep 08 06:39:01 UTC 2026","Purchase GL & AP Ledger Audits @purchase @regression","purchase/bill-gl-audit.spec.ts","",""
"","8244","UI-03: Sort and View buttons are visible in toolbar","Project-Management","Tue Sep 08 06:44:54 UTC 2026","passed","Tue Sep 08 06:45:02 UTC 2026","Project Management: UI List Page @project @smoke","project/project-ui-list.spec.ts","",""
"","4711","API-14: Status completed → pending is accepted (reopen)","Project-Management","Tue Sep 08 06:43:58 UTC 2026","passed","Tue Sep 08 06:44:03 UTC 2026","Project Management: API Contract @project @smoke","project/project-api-contract.spec.ts","",""
"","37411","Full E2E Cycle: SO -> Invoice (Release) -> Receipt -> Ledger & GL Verification","Cross-Module","Tue Sep 08 06:53:12 UTC 2026","passed","Tue Sep 08 06:53:49 UTC 2026","Order-to-Cash (O2C) Full Integration @cross-module @sales @regression","cross-module/order-to-cash-e2e.spec.ts","",""
"","4167","1. Invoice Detail Page: Tab data fetched on-demand via hooks upon tab activation","Cross-Module","Tue Sep 08 06:46:07 UTC 2026","passed","Tue Sep 08 06:46:12 UTC 2026","Detail Page Tab On-Demand Fetching Suite @cross-module @regression","cross-module/detail-tab-on-demand-fetching.spec.ts","",""
"","16171","SO-to-Invoice: Loading & Data Resolution State","Cross-Module","Tue Sep 08 06:54:39 UTC 2026","failed","Tue Sep 08 06:54:56 UTC 2026","Query Boundary States: PO-to-Bill & SO-to-Invoice Forms @purchase @sales @regression","cross-module/query-boundary-states.spec.ts","",""
"","31726","Audit: Multi-item invoice deducts stock and posts correct COGS journal entries","Sales","Tue Sep 08 06:36:27 UTC 2026","passed","Tue Sep 08 06:36:59 UTC 2026","Sales COGS Audit: Multi-Item Invoice @sales @inventory @regression","sales/so-cogs.spec.ts","",""
"","24166","Guardrail: System must reject zero-quantity adjustments","Inventory","Tue Sep 08 06:41:55 UTC 2026","passed","Tue Sep 08 06:42:20 UTC 2026","Inventory Integrity & Boundary Audits @inventory @regression","inventory/inv-integrity.spec.ts","",""
"","127","Auditor role must not be able to create financial documents","Cross-Module","Tue Sep 08 06:54:59 UTC 2026","passed","Tue Sep 08 06:55:00 UTC 2026","RBAC & User Management Security Audit @regression","cross-module/rbac-user-security.spec.ts","",""
"","4426","BDEV-1139: Verify Pagination on Bank Statements","Cross-Module","Tue Sep 08 06:46:07 UTC 2026","passed","Tue Sep 08 06:46:12 UTC 2026","Data Loading & Pagination Audit Suite (BDEV-1135) @smoke","cross-module/data-loading-pagination.spec.ts","",""
"","18776","RCT-API-02: Receipt partial payment → invoice Amount Due reduces by exact amount","Cross-Module","Tue Sep 08 06:53:02 UTC 2026","passed","Tue Sep 08 06:53:20 UTC 2026","Line Item & Miscellaneous Audit @sales @purchase @regression","cross-module/line-item-miscellaneous-audit.spec.ts","",""
"","7879","API: Bill Index endpoint must return paginated, lightweight summary items (<1000ms)","Purchase","Tue Sep 08 06:39:02 UTC 2026","passed","Tue Sep 08 06:39:10 UTC 2026","Purchase Bill Index Page Data Fetching Audit @purchase @bills @regression","purchase/bill-index-fetching.spec.ts","",""
"","38683","UI: Employees page must load and display employee records","HR","Tue Sep 08 06:43:07 UTC 2026","passed","Tue Sep 08 06:43:46 UTC 2026","HR: Employee Lifecycle @hr @smoke","hr/hr-employees.spec.ts","",""
"","10245","5. Sales Order Detail DTO Contract (GET /sales-order/{id})","Cross-Module","Tue Sep 08 06:46:34 UTC 2026","passed","Tue Sep 08 06:46:44 UTC 2026","ERP DTO & Payment Route Contract Audit @cross-module @regression","cross-module/erp-dto-contract-suite.spec.ts","",""
"","12060","Audit: Single payment must correctly reconcile multiple unpaid bills","Purchase","Tue Sep 08 06:39:17 UTC 2026","failed","Tue Sep 08 06:39:29 UTC 2026","Procurement Ledger & Payment Audits @purchase @regression","purchase/po-accounting.spec.ts","",""
"","60675","SO-UI-03: Add both Item + Miscellaneous lines → totals shown in SO table","Cross-Module","Tue Sep 08 06:50:27 UTC 2026","failed","Tue Sep 08 06:51:28 UTC 2026","Line Item & Miscellaneous Audit @sales @purchase @regression","cross-module/line-item-miscellaneous-audit.spec.ts","",""
"","4556","INV-INDEX-01: API Audit — Lightweight Paginated Fetching for /api/warehouses","Inventory","Tue Sep 08 06:42:34 UTC 2026","passed","Tue Sep 08 06:42:39 UTC 2026","Refactored Index Page Data Fetching (Warehouse & Location) @inventory @regression","inventory/warehouse-location-index-fetching.spec.ts","",""
"","26269","Audit: Fractional rounding on multi-line items must strictly maintain Dr == Cr balance","Cross-Module","Tue Sep 08 06:46:44 UTC 2026","passed","Tue Sep 08 06:47:11 UTC 2026","Advanced Financial & Accounting Integrity API Audit @sales @purchase @regression","cross-module/financial-integrity-advanced-api.spec.ts","",""
"","7548","BILL-API-04: Multi-line Bill → grand total = sum of lines","Cross-Module","Tue Sep 08 06:50:09 UTC 2026","passed","Tue Sep 08 06:50:16 UTC 2026","Line Item & Miscellaneous Audit @sales @purchase @regression","cross-module/line-item-miscellaneous-audit.spec.ts","",""
"","3833","API-02: GET single project returns correct fields","Project-Management","Tue Sep 08 06:43:27 UTC 2026","passed","Tue Sep 08 06:43:31 UTC 2026","Project Management: API Contract @project @smoke","project/project-api-contract.spec.ts","",""
"","31808","RCT-API-03: Receipt full payment → invoice Amount Due = 0","Cross-Module","Tue Sep 08 06:53:56 UTC 2026","passed","Tue Sep 08 06:54:28 UTC 2026","Line Item & Miscellaneous Audit @sales @purchase @regression","cross-module/line-item-miscellaneous-audit.spec.ts","",""
"","952","Guardrail: Pay component must reject invalid type and tax_rule values","HR","Tue Sep 08 06:43:26 UTC 2026","passed","Tue Sep 08 06:43:26 UTC 2026","Payroll: Runs & Pay Components @hr @smoke","hr/hr-payroll.spec.ts","",""
"","17983","Guardrail: System must block sales when item stock reaches exact zero","Inventory","Tue Sep 08 06:42:03 UTC 2026","passed","Tue Sep 08 06:42:21 UTC 2026","Inventory Item Lifecycle Audits @inventory @smoke","inventory/inv-lifecycle.spec.ts","",""
"","4292","INV-INDEX-02: API Audit — Lightweight Paginated Fetching for /api/locations","Inventory","Tue Sep 08 06:42:36 UTC 2026","passed","Tue Sep 08 06:42:40 UTC 2026","Refactored Index Page Data Fetching (Warehouse & Location) @inventory @regression","inventory/warehouse-location-index-fetching.spec.ts","",""
"","4232","INV-INDEX-03: UI Audit — Warehouse & Location Index Page Grid Hydration","Inventory","Tue Sep 08 06:42:36 UTC 2026","passed","Tue Sep 08 06:42:41 UTC 2026","Refactored Index Page Data Fetching (Warehouse & Location) @inventory @regression","inventory/warehouse-location-index-fetching.spec.ts","",""
"","8438","UI-15: Direct URL to non-existent project shows error or redirects","Project-Management","Tue Sep 08 06:44:34 UTC 2026","passed","Tue Sep 08 06:44:42 UTC 2026","Project Management: UI Detail & Guardrails @project @smoke","project/project-ui-detail.spec.ts","",""
"","415","IT Admin: Must have full read/write access to sales-orders","Cross-Module","Tue Sep 08 06:54:58 UTC 2026","passed","Tue Sep 08 06:54:58 UTC 2026","RBAC & Multi-Tenant Permission Matrix Audit @regression","cross-module/rbac-permission-matrix.spec.ts","",""
"","4751","GUARD-10: Unauthenticated GET /projects → 401","Project-Management","Tue Sep 08 06:44:27 UTC 2026","passed","Tue Sep 08 06:44:32 UTC 2026","Project Management: API Validation @project @smoke","project/project-api-validation.spec.ts","",""
"","3903","2. Bill Payment & Receipt Invoice New Route Validation","Cross-Module","Tue Sep 08 06:46:28 UTC 2026","passed","Tue Sep 08 06:46:32 UTC 2026","ERP DTO & Payment Route Contract Audit @cross-module @regression","cross-module/erp-dto-contract-suite.spec.ts","",""
"","74476","Audit: Bill payment must debit AP and credit Cash/Bank","Purchase","Tue Sep 08 06:38:05 UTC 2026","failed","Tue Sep 08 06:39:20 UTC 2026","Purchase GL & AP Ledger Audits @purchase @regression","purchase/bill-gl-audit.spec.ts","",""
"","71575","Full lifecycle: 3 employees created, contracted, and processed in one payroll run","HR","Tue Sep 08 06:43:17 UTC 2026","failed","Tue Sep 08 06:44:28 UTC 2026","HR: Multi-Employee Full Lifecycle @hr @smoke","hr/hr-lifecycle.spec.ts","",""
"","26648","BILL-UI-02: Add Miscellaneous line via modal → Bill total reflects it","Cross-Module","Tue Sep 08 06:54:05 UTC 2026","passed","Tue Sep 08 06:54:31 UTC 2026","Line Item & Miscellaneous Audit @sales @purchase @regression","cross-module/line-item-miscellaneous-audit.spec.ts","",""
"","16170","PAY-API-02: Multi-bill payment → all bills settle to zero","Cross-Module","Tue Sep 08 06:51:17 UTC 2026","failed","Tue Sep 08 06:51:33 UTC 2026","Line Item & Miscellaneous Audit @sales @purchase @regression","cross-module/line-item-miscellaneous-audit.spec.ts","",""
"","4242","2. Purchase Module: Form & Modal Error Visibility (Purchase Orders / Bills)","Cross-Module","Tue Sep 08 06:46:40 UTC 2026","passed","Tue Sep 08 06:46:44 UTC 2026","System-Wide Error Visibility Audit @regression","cross-module/error-visibility-audit.spec.ts","",""
"","4329","4. API & Global Error Visibility: Toast Notifications on Backend Failures","Cross-Module","Tue Sep 08 06:46:44 UTC 2026","passed","Tue Sep 08 06:46:48 UTC 2026","System-Wide Error Visibility Audit @regression","cross-module/error-visibility-audit.spec.ts","",""
"","62707","PO-UI-03: Mixed Item + Miscellaneous lines → both rows in PO table","Cross-Module","Tue Sep 08 06:50:53 UTC 2026","failed","Tue Sep 08 06:51:56 UTC 2026","Line Item & Miscellaneous Audit @sales @purchase @regression","cross-module/line-item-miscellaneous-audit.spec.ts","",""
"","4741","GUARD-11: GET non-existent project_id → 4xx","Project-Management","Tue Sep 08 06:44:29 UTC 2026","passed","Tue Sep 08 06:44:33 UTC 2026","Project Management: API Validation @project @smoke","project/project-api-validation.spec.ts","",""
"","4410","9. Optimize & Validate DTO Detail: Purchase Order","Cross-Module","Tue Sep 08 06:46:26 UTC 2026","passed","Tue Sep 08 06:46:30 UTC 2026","DTO Detail Page Optimization Suite @regression","cross-module/dto-detail-optimization-suite.spec.ts","",""
"","75297","Audit: Approved bill must debit Expense/Inventory and credit AP","Purchase","Tue Sep 08 06:38:02 UTC 2026","passed","Tue Sep 08 06:39:17 UTC 2026","Purchase GL & AP Ledger Audits @purchase @regression","purchase/bill-gl-audit.spec.ts","",""
"","4712","API: Leave applications endpoint must respond with valid pagination","HR","Tue Sep 08 06:43:11 UTC 2026","passed","Tue Sep 08 06:43:16 UTC 2026","HR: Leave Applications @hr @smoke","hr/hr-leave.spec.ts","",""
"","23048","Purchase UI: Approved bill reflects outstanding balance in vendor profile","Cross-Module","Tue Sep 08 06:45:40 UTC 2026","passed","Tue Sep 08 06:46:03 UTC 2026","Cross-Module UI Flow Audits @sales @purchase @smoke","cross-module/cross-module-ui-flows.spec.ts","",""
"","8630","Guardrail: System must reject injected price/amount overrides during SO conversion","Sales","Tue Sep 08 06:36:09 UTC 2026","passed","Tue Sep 08 06:36:17 UTC 2026","Accounting & Ledger Flow Logic Audits @sales @regression","sales/so-accounting.spec.ts","",""
"","3790","API-01: Create project returns valid id, ref and pending status","Project-Management","Tue Sep 08 06:43:23 UTC 2026","passed","Tue Sep 08 06:43:27 UTC 2026","Project Management: API Contract @project @smoke","project/project-api-contract.spec.ts","",""
"","386","Guardrail: Payroll run advance without active employees must not silently succeed","HR","Tue Sep 08 06:43:27 UTC 2026","passed","Tue Sep 08 06:43:27 UTC 2026","Payroll: Runs & Pay Components @hr @smoke","hr/hr-payroll.spec.ts","",""
"","55305","Validate TIN, create vendor, edit, remove","Purchase","Tue Sep 08 06:41:07 UTC 2026","passed","Tue Sep 08 06:42:02 UTC 2026","Vendor Lifecycle — Validation & CRUD @purchase @smoke","purchase/vendor.spec.ts","",""
"","3705","6. General Ledger Module DTO Contract (GET /accounts, /general-journals)","Cross-Module","Tue Sep 08 06:46:36 UTC 2026","passed","Tue Sep 08 06:46:40 UTC 2026","ERP DTO & Payment Route Contract Audit @cross-module @regression","cross-module/erp-dto-contract-suite.spec.ts","",""
"","6901","UI-01: Projects list page loads with all key table columns","Project-Management","Tue Sep 08 06:44:48 UTC 2026","passed","Tue Sep 08 06:44:55 UTC 2026","Project Management: UI List Page @project @smoke","project/project-ui-list.spec.ts","",""
"","4632","Vendor API response matches strict schema contract","Cross-Module","Tue Sep 08 06:45:32 UTC 2026","passed","Tue Sep 08 06:45:36 UTC 2026","API Contract & Runtime Schema Validation @smoke","cross-module/api-contract-schema.spec.ts","",""
"","49402","BILL-UI-03: Mixed Item + Miscellaneous → both rows in Bill table, approve and verify AP","Cross-Module","Tue Sep 08 06:48:54 UTC 2026","failed","Tue Sep 08 06:49:43 UTC 2026","Line Item & Miscellaneous Audit @sales @purchase @regression","cross-module/line-item-miscellaneous-audit.spec.ts","",""
"","3569","API-03: remaining_balance = estimated_revenue - estimated_expense","Project-Management","Tue Sep 08 06:43:31 UTC 2026","passed","Tue Sep 08 06:43:34 UTC 2026","Project Management: API Contract @project @smoke","project/project-api-contract.spec.ts","",""
"","6834","1. Sales Module: Form & Modal Error Visibility (Sales Orders / Invoices)","Cross-Module","Tue Sep 08 06:46:38 UTC 2026","passed","Tue Sep 08 06:46:45 UTC 2026","System-Wide Error Visibility Audit @regression","cross-module/error-visibility-audit.spec.ts","",""
"","4540","5. Optimize & Validate DTO Detail: Warehouse","Cross-Module","Tue Sep 08 06:46:19 UTC 2026","passed","Tue Sep 08 06:46:24 UTC 2026","DTO Detail Page Optimization Suite @regression","cross-module/dto-detail-optimization-suite.spec.ts","",""
"","7997","Customer API response matches strict schema contract","Cross-Module","Tue Sep 08 06:45:25 UTC 2026","passed","Tue Sep 08 06:45:33 UTC 2026","API Contract & Runtime Schema Validation @smoke","cross-module/api-contract-schema.spec.ts","",""
"","9077","Guardrail: Employee creation must reject payload missing required fields","HR","Tue Sep 08 06:43:03 UTC 2026","passed","Tue Sep 08 06:43:12 UTC 2026","HR: Employee Lifecycle @hr @smoke","hr/hr-employees.spec.ts","",""
"","22488","SO-to-Invoice: Empty State Boundary (Fully-Released SO)","Cross-Module","Tue Sep 08 06:54:51 UTC 2026","failed","Tue Sep 08 06:55:13 UTC 2026","Query Boundary States: PO-to-Bill & SO-to-Invoice Forms @purchase @sales @regression","cross-module/query-boundary-states.spec.ts","",""
"","15121","Guardrail: System must prevent receipts against a voided invoice","Sales","Tue Sep 08 06:37:24 UTC 2026","passed","Tue Sep 08 06:37:39 UTC 2026","Financial Integrity & Boundary Audits @sales @regression","sales/so-integrity.spec.ts","",""
"","413","Guardrail: Rejection of Invalid/Empty Receipt Payloads","Sales","Tue Sep 08 06:34:41 UTC 2026","passed","Tue Sep 08 06:34:41 UTC 2026","Receipt API Standalone Diagnostics Suite @sales @smoke","sales/receipt-api-standalone.spec.ts","",""
"","20169","Sales Invoice API response matches strict schema contract","Cross-Module","Tue Sep 08 06:45:11 UTC 2026","passed","Tue Sep 08 06:45:31 UTC 2026","API Contract & Runtime Schema Validation @smoke","cross-module/api-contract-schema.spec.ts","",""
"","40430","API: Full Invoice, Receipt Creation, and Approval Workflow","Sales","Tue Sep 08 06:34:41 UTC 2026","passed","Tue Sep 08 06:35:22 UTC 2026","Receipt API Standalone Diagnostics Suite @sales @smoke","sales/receipt-api-standalone.spec.ts","",""
"","61657","INV-UI-03: Mixed Item + Miscellaneous lines → both rows in table, totals accumulate","Cross-Module","Tue Sep 08 06:49:44 UTC 2026","failed","Tue Sep 08 06:50:45 UTC 2026","Line Item & Miscellaneous Audit @sales @purchase @regression","cross-module/line-item-miscellaneous-audit.spec.ts","",""
"","12393","1. Invoice Detail DTO Contract (GET /invoice/{id})","Cross-Module","Tue Sep 08 06:46:26 UTC 2026","passed","Tue Sep 08 06:46:38 UTC 2026","ERP DTO & Payment Route Contract Audit @cross-module @regression","cross-module/erp-dto-contract-suite.spec.ts","",""
"","179","TC-05: Move order exceeding available stock must be rejected","Inventory","Tue Sep 08 06:42:20 UTC 2026","passed","Tue Sep 08 06:42:20 UTC 2026","Location Transfer (Move Order) Audits @inventory @regression","inventory/inv-logic.spec.ts","",""
"","4564","authenticate globally once","setup","Tue Sep 08 06:34:34 UTC 2026","passed","Tue Sep 08 06:34:39 UTC 2026","","auth.setup.ts","",""
"","5036","GUARD-09: DELETE /projects/:id → 404 (endpoint not implemented)","Project-Management","Tue Sep 08 06:44:24 UTC 2026","passed","Tue Sep 08 06:44:29 UTC 2026","Project Management: API Validation @project @smoke","project/project-api-validation.spec.ts","",""
"","7839","UI-05: Add Project button and Export button are visible","Project-Management","Tue Sep 08 06:44:59 UTC 2026","passed","Tue Sep 08 06:45:07 UTC 2026","Project Management: UI List Page @project @smoke","project/project-ui-list.spec.ts","",""
"","26844","Audit: SO split into multiple invoices — total must never exceed SO quantity","Sales","Tue Sep 08 06:37:38 UTC 2026","passed","Tue Sep 08 06:38:04 UTC 2026","Sales SO Split Invoice Audit @sales @regression","sales/so-split-invoice.spec.ts","",""
"","31728","Forensic Audit: Invoice Void & Stock Restoration","Sales","Tue Sep 08 06:36:44 UTC 2026","passed","Tue Sep 08 06:37:15 UTC 2026","Sales Return & Stock Recovery @sales @regression","sales/so-credit-note.spec.ts","",""
"","143","Invalid company header must return 400 — not leak cross-tenant data","Cross-Module","Tue Sep 08 06:54:59 UTC 2026","passed","Tue Sep 08 06:54:59 UTC 2026","RBAC & User Management Security Audit @regression","cross-module/rbac-user-security.spec.ts","",""
"","4560","6. Optimize & Validate DTO Detail: Locations","Cross-Module","Tue Sep 08 06:46:21 UTC 2026","passed","Tue Sep 08 06:46:25 UTC 2026","DTO Detail Page Optimization Suite @regression","cross-module/dto-detail-optimization-suite.spec.ts","",""
"","31095","Sales UI: Partial payment updates invoice Amount Due correctly","Cross-Module","Tue Sep 08 06:45:38 UTC 2026","passed","Tue Sep 08 06:46:09 UTC 2026","Cross-Module UI Flow Audits @sales @purchase @smoke","cross-module/cross-module-ui-flows.spec.ts","",""
"","7747","UI-07: Pagination shows rows-per-page and page count","Project-Management","Tue Sep 08 06:45:02 UTC 2026","passed","Tue Sep 08 06:45:10 UTC 2026","Project Management: UI List Page @project @smoke","project/project-ui-list.spec.ts","",""
"","5156","GUARD-08: PATCH non-existent project_id → 4xx","Project-Management","Tue Sep 08 06:44:24 UTC 2026","passed","Tue Sep 08 06:44:29 UTC 2026","Project Management: API Validation @project @smoke","project/project-api-validation.spec.ts","",""
"","4488","3. Sales Order Detail Page: Tab data fetched on-demand via hooks upon tab activation","Cross-Module","Tue Sep 08 06:46:12 UTC 2026","passed","Tue Sep 08 06:46:16 UTC 2026","Detail Page Tab On-Demand Fetching Suite @cross-module @regression","cross-module/detail-tab-on-demand-fetching.spec.ts","",""
"","8343","SO-to-Invoice: Error State Boundary (Invalid SO ID)","Cross-Module","Tue Sep 08 06:54:42 UTC 2026","passed","Tue Sep 08 06:54:51 UTC 2026","Query Boundary States: PO-to-Bill & SO-to-Invoice Forms @purchase @sales @regression","cross-module/query-boundary-states.spec.ts","",""
"","11503","PAY-API-01: Single bill payment → bill balance settles to zero","Cross-Module","Tue Sep 08 06:51:05 UTC 2026","failed","Tue Sep 08 06:51:16 UTC 2026","Line Item & Miscellaneous Audit @sales @purchase @regression","cross-module/line-item-miscellaneous-audit.spec.ts","",""
"","15597","GUARD-02: Empty project_name → 422 with ""Project Name is required""","Project-Management","Tue Sep 08 06:44:04 UTC 2026","passed","Tue Sep 08 06:44:19 UTC 2026","Project Management: API Validation @project @smoke","project/project-api-validation.spec.ts","",""
"","14708","BILL-API-05: Bill discount on line → net = (price − discount) × qty","Cross-Module","Tue Sep 08 06:50:50 UTC 2026","passed","Tue Sep 08 06:51:05 UTC 2026","Line Item & Miscellaneous Audit @sales @purchase @regression","cross-module/line-item-miscellaneous-audit.spec.ts","",""
"","5748","UI: Payroll Runs page must load and display run records or empty state","HR","Tue Sep 08 06:43:27 UTC 2026","passed","Tue Sep 08 06:43:33 UTC 2026","Payroll: Runs & Pay Components @hr @smoke","hr/hr-payroll.spec.ts","",""
"","16238","PO-API-05: Miscellaneous line on PO (no item_id) → accepted or inventory-only enforced","Cross-Module","Tue Sep 08 06:52:51 UTC 2026","passed","Tue Sep 08 06:53:08 UTC 2026","Line Item & Miscellaneous Audit @sales @purchase @regression","cross-module/line-item-miscellaneous-audit.spec.ts","",""
"","4642","4. Optimize & Validate DTO Detail: InvAdjustment","Cross-Module","Tue Sep 08 06:46:17 UTC 2026","passed","Tue Sep 08 06:46:21 UTC 2026","DTO Detail Page Optimization Suite @regression","cross-module/dto-detail-optimization-suite.spec.ts","",""
"","3966","4. Receipt Detail DTO Contract (GET /receipt/{id})","Cross-Module","Tue Sep 08 06:46:32 UTC 2026","passed","Tue Sep 08 06:46:36 UTC 2026","ERP DTO & Payment Route Contract Audit @cross-module @regression","cross-module/erp-dto-contract-suite.spec.ts","",""
"","39358","UI Audit: Approved invoice reflects outstanding balance in customer profile","Sales","Tue Sep 08 06:35:35 UTC 2026","passed","Tue Sep 08 06:36:15 UTC 2026","Sales Customer Balance UI Audits @sales @smoke","sales/sales-customer-balance-ui.spec.ts","",""
"","79617","Full E2E Cycle: PO -> Bill (Receive) -> Payment -> Ledger & GL Verification","Cross-Module","Tue Sep 08 06:53:49 UTC 2026","failed","Tue Sep 08 06:55:09 UTC 2026","Procure-to-Pay (P2P) Full Integration @cross-module @purchase @regression","cross-module/procure-to-pay-e2e.spec.ts","",""
"","18446","PAY-API-03: Partial payment → bill balance reduces by exact amount","Cross-Module","Tue Sep 08 06:52:08 UTC 2026","failed","Tue Sep 08 06:52:27 UTC 2026","Line Item & Miscellaneous Audit @sales @purchase @regression","cross-module/line-item-miscellaneous-audit.spec.ts","",""
"","12316","INV-API-05: Miscellaneous line on invoice (no item_id) → accepted or inventory-only enforced","Cross-Module","Tue Sep 08 06:51:40 UTC 2026","passed","Tue Sep 08 06:51:52 UTC 2026","Line Item & Miscellaneous Audit @sales @purchase @regression","cross-module/line-item-miscellaneous-audit.spec.ts","",""
"","54379","PO-UI-01: Add inventory Line Item via modal → PO created and approved","Cross-Module","Tue Sep 08 06:48:25 UTC 2026","failed","Tue Sep 08 06:49:19 UTC 2026","Line Item & Miscellaneous Audit @sales @purchase @regression","cross-module/line-item-miscellaneous-audit.spec.ts","",""
"","45183","Audit: PO split into multiple bills — total must never exceed PO quantity","Purchase","Tue Sep 08 06:39:57 UTC 2026","passed","Tue Sep 08 06:40:42 UTC 2026","Procurement PO Split Bill Audit @purchase @regression","purchase/po-split-bill.spec.ts","",""
"","124","Guardrail: Duplicate email registration must be rejected","Cross-Module","Tue Sep 08 06:54:58 UTC 2026","passed","Tue Sep 08 06:54:58 UTC 2026","RBAC & User Management Security Audit @regression","cross-module/rbac-user-security.spec.ts","",""
"","4388","GUARD-07: PATCH with invalid status ""cancelled"" → 400 ""Invalid project status""","Project-Management","Tue Sep 08 06:44:22 UTC 2026","passed","Tue Sep 08 06:44:27 UTC 2026","Project Management: API Validation @project @smoke","project/project-api-validation.spec.ts","",""
"","4382","1. Optimize & Validate DTO Detail: Customers","Cross-Module","Tue Sep 08 06:46:12 UTC 2026","passed","Tue Sep 08 06:46:16 UTC 2026","DTO Detail Page Optimization Suite @regression","cross-module/dto-detail-optimization-suite.spec.ts","",""
"","3861","Create: New inventory item is created and visible in the system","Inventory","Tue Sep 08 06:42:30 UTC 2026","passed","Tue Sep 08 06:42:33 UTC 2026","Inventory Item Management @inventory @smoke","inventory/inv-management.spec.ts","",""
"","67194","INV-UI-02: Add Miscellaneous line via modal → Invoice total reflects it","Cross-Module","Tue Sep 08 06:46:57 UTC 2026","passed","Tue Sep 08 06:48:04 UTC 2026","Line Item & Miscellaneous Audit @sales @purchase @regression","cross-module/line-item-miscellaneous-audit.spec.ts","",""
"","4437","Guardrail: Server must validate employee_id and return 422 (not 500 with SQL leak)","HR","Tue Sep 08 06:42:57 UTC 2026","failed","Tue Sep 08 06:43:01 UTC 2026","HR: Timesheets & Attendances @hr @smoke","hr/hr-attendance.spec.ts","",""
"","3864","API-09: PATCH estimated_revenue recalculates remaining_balance","Project-Management","Tue Sep 08 06:43:50 UTC 2026","passed","Tue Sep 08 06:43:53 UTC 2026","Project Management: API Contract @project @smoke","project/project-api-contract.spec.ts","",""
"","4686","API: Employee must be created with all required fields","HR","Tue Sep 08 06:43:00 UTC 2026","passed","Tue Sep 08 06:43:05 UTC 2026","HR: Employee Lifecycle @hr @smoke","hr/hr-employees.spec.ts","",""
"","4483","3. Optimize & Validate DTO Detail: InvItem","Cross-Module","Tue Sep 08 06:46:16 UTC 2026","passed","Tue Sep 08 06:46:21 UTC 2026","DTO Detail Page Optimization Suite @regression","cross-module/dto-detail-optimization-suite.spec.ts","",""
"","9651","Audit: Invoice with tax must credit tax account in journal entries","Sales","Tue Sep 08 06:37:42 UTC 2026","passed","Tue Sep 08 06:37:51 UTC 2026","Sales Tax GL Audit @sales @regression","sales/so-tax-audit.spec.ts","",""
"","4331","7. Optimize & Validate DTO Detail: Purchase Requisition","Cross-Module","Tue Sep 08 06:46:21 UTC 2026","passed","Tue Sep 08 06:46:26 UTC 2026","DTO Detail Page Optimization Suite @regression","cross-module/dto-detail-optimization-suite.spec.ts","",""
"","6108","UI-GUARD-02: Unauthenticated browser access to projects redirects to login","Project-Management","Tue Sep 08 06:44:40 UTC 2026","passed","Tue Sep 08 06:44:46 UTC 2026","Project Management: UI Detail & Guardrails @project @smoke","project/project-ui-detail.spec.ts","",""
"","4036","Warehouse & Location API response matches strict schema contract","Cross-Module","Tue Sep 08 06:45:34 UTC 2026","passed","Tue Sep 08 06:45:38 UTC 2026","API Contract & Runtime Schema Validation @smoke","cross-module/api-contract-schema.spec.ts","",""
"","307","TC-02: Destination stock must increase by exact transfer quantity","Inventory","Tue Sep 08 06:42:28 UTC 2026","passed","Tue Sep 08 06:42:28 UTC 2026","Location Transfer (Move Order) Audits @inventory @regression","inventory/inv-logic.spec.ts","",""
"","6710","Guardrail: System must mathematically reject discounts exceeding invoice value","Sales","Tue Sep 08 06:37:21 UTC 2026","passed","Tue Sep 08 06:37:28 UTC 2026","Financial Integrity & Boundary Audits @sales @regression","sales/so-integrity.spec.ts","",""
"","235","API: Pay components must have valid type and tax_rule fields","HR","Tue Sep 08 06:43:24 UTC 2026","passed","Tue Sep 08 06:43:24 UTC 2026","Payroll: Runs & Pay Components @hr @smoke","hr/hr-payroll.spec.ts","",""
"","759","API: Receipt Roster & List Pagination Inspection","Sales","Tue Sep 08 06:34:40 UTC 2026","passed","Tue Sep 08 06:34:41 UTC 2026","Receipt API Standalone Diagnostics Suite @sales @smoke","sales/receipt-api-standalone.spec.ts","",""
"","18655","Guardrail: System must prevent double-dip overpayments across multi-link receipts","Sales","Tue Sep 08 06:36:15 UTC 2026","passed","Tue Sep 08 06:36:34 UTC 2026","Accounting & Ledger Flow Logic Audits @sales @regression","sales/so-accounting.spec.ts","",""
"","43978","Audit: Negative stock adjustment must correctly reduce stock and apply GL impact","Inventory","Tue Sep 08 06:41:12 UTC 2026","passed","Tue Sep 08 06:41:56 UTC 2026","Inventory Integrity & Boundary Audits @inventory @regression","inventory/inv-integrity.spec.ts","",""
"","150","Guardrail: Multi-tenant isolation must reject cross-tenant invoice requests","Cross-Module","Tue Sep 08 06:54:57 UTC 2026","passed","Tue Sep 08 06:54:57 UTC 2026","RBAC & Multi-Tenant Permission Matrix Audit @regression","cross-module/rbac-permission-matrix.spec.ts","",""
"","21629","Guardrail: System must reject overselling beyond available stock","Inventory","Tue Sep 08 06:42:33 UTC 2026","passed","Tue Sep 08 06:42:55 UTC 2026","Inventory Item Management @inventory @smoke","inventory/inv-management.spec.ts","",""
"","4766","API-13: Status in-progress → completed is accepted","Project-Management","Tue Sep 08 06:43:57 UTC 2026","passed","Tue Sep 08 06:44:02 UTC 2026","Project Management: API Contract @project @smoke","project/project-api-contract.spec.ts","",""
"","62143","SO-UI-01: Add inventory Line Item via modal → SO created and approved","Cross-Module","Tue Sep 08 06:46:48 UTC 2026","failed","Tue Sep 08 06:47:51 UTC 2026","Line Item & Miscellaneous Audit @sales @purchase @regression","cross-module/line-item-miscellaneous-audit.spec.ts","",""
"","13401","Audit: Partial SO release correctly tracks remaining unreleased quantity","Sales","Tue Sep 08 06:37:32 UTC 2026","passed","Tue Sep 08 06:37:45 UTC 2026","Sales Partial SO Release Audit @sales @regression","sales/so-partial-release.spec.ts","",""
"","5992","Guardrail: Duplicate employee email must be rejected by the system","HR","Tue Sep 08 06:43:05 UTC 2026","passed","Tue Sep 08 06:43:11 UTC 2026","HR: Employee Lifecycle @hr @smoke","hr/hr-employees.spec.ts","",""
"","22218","UI: Pay Components settings page must render the components list","HR","Tue Sep 08 06:43:33 UTC 2026","passed","Tue Sep 08 06:43:55 UTC 2026","Payroll: Runs & Pay Components @hr @smoke","hr/hr-payroll.spec.ts","",""
"","3805","API-07: LIST search by name fragment finds project","Project-Management","Tue Sep 08 06:43:46 UTC 2026","passed","Tue Sep 08 06:43:50 UTC 2026","Project Management: API Contract @project @smoke","project/project-api-contract.spec.ts","",""
"","4893","2. Optimize & Validate DTO Detail: Vendors","Cross-Module","Tue Sep 08 06:46:14 UTC 2026","passed","Tue Sep 08 06:46:19 UTC 2026","DTO Detail Page Optimization Suite @regression","cross-module/dto-detail-optimization-suite.spec.ts","",""
"","21355","UI-08: Project created via API appears in the list","Project-Management","Tue Sep 08 06:45:03 UTC 2026","failed","Tue Sep 08 06:45:24 UTC 2026","Project Management: UI List Page @project @smoke","project/project-ui-list.spec.ts","",""
"","12333","GUARD-01: Missing customer_id → 422 with ""Customer is required""","Project-Management","Tue Sep 08 06:44:03 UTC 2026","passed","Tue Sep 08 06:44:15 UTC 2026","Project Management: API Validation @project @smoke","project/project-api-validation.spec.ts","",""
"","4454","GUARD-05: Invalid project_status value ""approved"" → 400","Project-Management","Tue Sep 08 06:44:19 UTC 2026","passed","Tue Sep 08 06:44:24 UTC 2026","Project Management: API Validation @project @smoke","project/project-api-validation.spec.ts","",""
"","3433","Negative DTO Guardrail: Non-existent Bill ID returns 404 Error DTO","Purchase","Tue Sep 08 06:37:54 UTC 2026","passed","Tue Sep 08 06:37:57 UTC 2026","Bill Detail DTO Contract & Schema Audit @purchase @regression","purchase/bill-dto-contract.spec.ts","",""
"","8059","UI-04: Advanced filters and Command filters links are present","Project-Management","Tue Sep 08 06:44:55 UTC 2026","passed","Tue Sep 08 06:45:03 UTC 2026","Project Management: UI List Page @project @smoke","project/project-ui-list.spec.ts","",""
"","20392","Guardrail: Invoice balance must correctly restore after receipt reversal","Sales","Tue Sep 08 06:36:22 UTC 2026","passed","Tue Sep 08 06:36:43 UTC 2026","Accounting & Ledger Flow Logic Audits @sales @regression","sales/so-accounting.spec.ts","",""
"","254","Notifications must only contain data for the authenticated company","Cross-Module","Tue Sep 08 06:54:59 UTC 2026","passed","Tue Sep 08 06:54:59 UTC 2026","RBAC & User Management Security Audit @regression","cross-module/rbac-user-security.spec.ts","",""
"","4185","GUARD-04: Negative estimated_revenue → 422 ""must be positive""","Project-Management","Tue Sep 08 06:44:15 UTC 2026","passed","Tue Sep 08 06:44:19 UTC 2026","Project Management: API Validation @project @smoke","project/project-api-validation.spec.ts","",""
"","4126","Employee API response matches strict schema contract","Cross-Module","Tue Sep 08 06:45:36 UTC 2026","passed","Tue Sep 08 06:45:40 UTC 2026","API Contract & Runtime Schema Validation @smoke","cross-module/api-contract-schema.spec.ts","",""
"","9316","UI-14: Project detail page shows customer name","Project-Management","Tue Sep 08 06:44:33 UTC 2026","passed","Tue Sep 08 06:44:43 UTC 2026","Project Management: UI Detail & Guardrails @project @smoke","project/project-ui-detail.spec.ts","",""
"","4148","3. Bill Payment DTO Contract (GET /bill-payment/{id})","Cross-Module","Tue Sep 08 06:46:30 UTC 2026","passed","Tue Sep 08 06:46:34 UTC 2026","ERP DTO & Payment Route Contract Audit @cross-module @regression","cross-module/erp-dto-contract-suite.spec.ts","",""
"","3992","View: Existing inventory item details render correctly in the UI","Inventory","Tue Sep 08 06:42:32 UTC 2026","passed","Tue Sep 08 06:42:36 UTC 2026","Inventory Item Management @inventory @smoke","inventory/inv-management.spec.ts","",""
"","3565","Guardrail: System must reject duplicate item_id on creation","Inventory","Tue Sep 08 06:42:28 UTC 2026","passed","Tue Sep 08 06:42:32 UTC 2026","Inventory Item Management @inventory @smoke","inventory/inv-management.spec.ts","",""
"","65142","UI Audit: Customer profile shows zero balance after full payment","Sales","Tue Sep 08 06:35:58 UTC 2026","passed","Tue Sep 08 06:37:03 UTC 2026","Sales Customer Balance UI Audits @sales @smoke","sales/sales-customer-balance-ui.spec.ts","",""
"","22178","Purchase Bill API response matches strict schema contract","Cross-Module","Tue Sep 08 06:45:11 UTC 2026","passed","Tue Sep 08 06:45:34 UTC 2026","API Contract & Runtime Schema Validation @smoke","cross-module/api-contract-schema.spec.ts","",""
"","4595","Guardrail: Leave application must reject payload missing leave_type_id and reason","HR","Tue Sep 08 06:43:12 UTC 2026","passed","Tue Sep 08 06:43:17 UTC 2026","HR: Leave Applications @hr @smoke","hr/hr-leave.spec.ts","",""
"","4784","API: Org chart must return company context and department segments","HR","Tue Sep 08 06:43:05 UTC 2026","passed","Tue Sep 08 06:43:10 UTC 2026","HR: Employee Lifecycle @hr @smoke","hr/hr-employees.spec.ts","",""
"","55343","BILL-UI-01: Add inventory Line Item via modal → Bill created and approved","Cross-Module","Tue Sep 08 06:53:08 UTC 2026","failed","Tue Sep 08 06:54:03 UTC 2026","Line Item & Miscellaneous Audit @sales @purchase @regression","cross-module/line-item-miscellaneous-audit.spec.ts","",""
"","3544","Guardrail: System must enforce mandatory GL account selection for standalone bills","Purchase","Tue Sep 08 06:39:53 UTC 2026","passed","Tue Sep 08 06:39:56 UTC 2026","Procurement Integrity & Financial Guardrails @purchase @regression","purchase/po-integrity.spec.ts","",""
"","44554","PO-to-Bill: Loading & Data Resolution State","Cross-Module","Tue Sep 08 06:53:56 UTC 2026","failed","Tue Sep 08 06:54:41 UTC 2026","Query Boundary States: PO-to-Bill & SO-to-Invoice Forms @purchase @sales @regression","cross-module/query-boundary-states.spec.ts","",""
"","45220","Create fresh invoice via API, then create receipt and link it","Sales","Tue Sep 08 06:35:22 UTC 2026","passed","Tue Sep 08 06:36:07 UTC 2026","Sales Receipt — Create Receipt & Verify in Customer Profile @sales @smoke","sales/receipt-ui.spec.ts","",""
